{
  "CHANGELOG.md": "e6e9842c98e89ad600726934860b90f7",
  "CONTRIBUTING.md": "8df0e5be30b6bca932fb5e34c2264522",
  "Gemfile": "cca458ab05e2ba9f009e511ac79b8177",
  "LICENSE": "cdbf8d74b765504fbdf8e154bb4458a1",
  "README.md": "42858e9fc8d6b26d52de7272cd4f903f",
  "Rakefile": "e49b33c2a5c116d202db0d2ac941310f",
  "Vagrantfile": "eef71b5e6febf751053145cc86752758",
  "docs/deploy.html": "d9342a62d811e8d331c83a9521d7cb60",
  "docs/extract.html": "ddfc7718ed639b24861b5a1d68cf0b0c",
  "docs/file.html": "879efe671f96a8eaeb5fb023ced5b7ab",
  "docs/init.html": "c16ebedfb85ab41558ad2fdea679177d",
  "files/sample": "c668e2074cc870f9ef59b6b33ffda097",
  "files/sample.tar.bz2": "d063a08e52797236df1b769dbdbd2c69",
  "files/sample.tar.gz": "eba24f899d8b439f5c461f728563ece6",
  "lib/facter/staging_http_get.rb": "07b6449105e1f314e06f83e37c8d07d3",
  "lib/facter/staging_windir.rb": "04a4e126c1a3e85381ca6c6c0e787939",
  "lib/puppet/parser/functions/scope_defaults.rb": "631432b969067b81b4a0f2c920251a05",
  "lib/puppet/parser/functions/staging_parse.rb": "3f52e97308f9013fde4647b6093e41e8",
  "manifests/deploy.pp": "29b3c7a114f002974760863838715679",
  "manifests/extract.pp": "281cfc3aed2893a948520fb867f926f0",
  "manifests/file.pp": "aef4568cb59590de64ba649f7c6c3655",
  "manifests/init.pp": "8363cfb8b0ec3c378a9b58e4749c57ee",
  "manifests/params.pp": "171de83cf4e88f09d3f942c9157c1ff6",
  "metadata.json": "ba373141e1c754219616e5f8d1c95a59",
  "spec/acceptance/nodesets/centos-511-x64.yml": "05792ce99d64725dec2fc9840dce2d98",
  "spec/acceptance/nodesets/centos-66-x64-pe.yml": "623c7f32fcff65505d4bbe992df4b8a4",
  "spec/acceptance/nodesets/centos-66-x64.yml": "b141eceeb080e54a3b27834dbbaa54dd",
  "spec/acceptance/nodesets/centos-72-x64.yml": "7a672612e9dd1271f2bd87d6f738dd97",
  "spec/acceptance/nodesets/debian-78-x64.yml": "d349ed81cc819a7baf85c5917c79acf0",
  "spec/acceptance/nodesets/debian-82-x64.yml": "ebdffdafaefc1a7c885c0ad562a27a32",
  "spec/acceptance/nodesets/ubuntu-server-1204-x64.yml": "f60b49479f4c7dd0505e9fe6af188510",
  "spec/acceptance/nodesets/ubuntu-server-12042-x64.yml": "d30d73e34cd50b043c7d14e305955269",
  "spec/acceptance/nodesets/ubuntu-server-1404-x64.yml": "bf060272b022252e3db2444f7c044ce0",
  "spec/classes/coverage_spec.rb": "166c74e93a4e70e9de79ae69f3c10e1d",
  "spec/defines/staging_deploy_spec.rb": "fbc3d9df435cb00152fc7358aafef9f2",
  "spec/defines/staging_extract_spec.rb": "7bdf34892a39b7e2314ec8575cbe1e91",
  "spec/defines/staging_file_spec.rb": "f9f071cc11412903703ef0b16061e39a",
  "spec/spec.opts": "a600ded995d948e393fbe2320ba8e51c",
  "spec/spec_helper.rb": "819f8e946df0da70ba4a709b98fa1635",
  "spec/unit/puppet/parser/functions/scope_defaults_spec.rb": "e937cd1254810071989677653eab7f8d",
  "spec/unit/puppet/parser/functions/staging_parse_spec.rb": "0df09ccc71a48119ca99469d1adef648",
  "tests/deploy.pp": "27e2deca3fd5353dc8aa37c9162b2368",
  "tests/extract.pp": "297e67b90bf07b61343973d3b46cb3e3",
  "tests/file.pp": "5d658d29f0b99800c463dd3995c9ebc6",
  "tests/init.pp": "485c058d83ed2662961ac28c0873c25f",
  "tests/scope_defaults.pp": "b620b367fc13aad2ff6f09f0c18463ba",
  "tests/staging_parse.pp": "bec31082b383ef5bf6f81e4e82ec3b94"
}