{
  "CHANGELOG.md": "b9ce04eb47c1ff9e7a6dc727de739461",
  "CONTRIBUTING.md": "ad65d271f183b5adb9fdd58207939f5f",
  "Gemfile": "a5493d10f1c1fec87972b13a9fe1afcf",
  "LICENSE": "3b83ef96387f14655fc854ddc3c6bd57",
  "NOTICE": "65b87a92e6b572d1a5d20945457ed113",
  "README.md": "66071ae9c3f1f866e16e991fd117a107",
  "Rakefile": "e7793b5ea262b991f1b11dc378302475",
  "lib/puppet/type/concat_file.rb": "238aaff4f2f93d3604b396040dec665c",
  "lib/puppet/type/concat_fragment.rb": "3a54716cef8d0a066415b7c4ec7c24a0",
  "manifests/fragment.pp": "7fc35ce1c8476f9cc8cb8313a7264697",
  "manifests/init.pp": "fe7be4f3cfccd7ea9c0658b099ee0bb0",
  "metadata.json": "d8d57c501fb8b2bf9aee19269281b52c",
  "spec/acceptance/backup_spec.rb": "242ce4dce1efba5efb21850b9bb2a342",
  "spec/acceptance/concat_spec.rb": "80fdb7d63a419b6bb9f9f42bc217171e",
  "spec/acceptance/concurrency_spec.rb": "53984b19ec3a34d7084d7796f98f6857",
  "spec/acceptance/fragment_source_spec.rb": "85deac6d359ffffd363c0e96bab173b3",
  "spec/acceptance/fragments_are_always_replaced_spec.rb": "be39ed9ed30e7bb48aaccda2d7f730ac",
  "spec/acceptance/newline_spec.rb": "5aaf65972c4f8ed4fd1592cd863583f5",
  "spec/acceptance/nodesets/centos-7-x64.yml": "349128a7cfa9a953fb9af67cad52442a",
  "spec/acceptance/nodesets/debian-8-x64.yml": "d2d2977900989f30086ad251a14a1f39",
  "spec/acceptance/nodesets/default.yml": "b42da5a1ea0c964567ba7495574b8808",
  "spec/acceptance/nodesets/docker/centos-7.yml": "8a3892807bdd62306ae4774f41ba11ae",
  "spec/acceptance/nodesets/docker/debian-8.yml": "ac8e871d1068c96de5e85a89daaec6df",
  "spec/acceptance/nodesets/docker/ubuntu-14.04.yml": "dc42ee922a96908d85b8f0f08203ce58",
  "spec/acceptance/order_spec.rb": "14e739dc02b4a4b48c5ed4d2c9bf1d17",
  "spec/acceptance/pup-1963_spec.rb": "71e8a59d674f7a1dafeeba87438a0ca9",
  "spec/acceptance/quoted_paths_spec.rb": "9cce52e33e894f10847b986f1d6e56d2",
  "spec/acceptance/replace_spec.rb": "f0c42c610e53fc9739581d99a3cd94b0",
  "spec/acceptance/specinfra_stubs.rb": "27839261403d8bbccf506552f9d8ef38",
  "spec/acceptance/symbolic_name_spec.rb": "b40452adbfebb0ea9d56547d9daee700",
  "spec/acceptance/validation_spec.rb": "e54226b10f46cfa9e89e57398eddbbd2",
  "spec/acceptance/warn_header_spec.rb": "269e9329646674ec6975c34e0c58e8c1",
  "spec/acceptance/warnings_spec.rb": "99fd93c1df5bdf952b37bd8926ad4868",
  "spec/spec.opts": "a600ded995d948e393fbe2320ba8e51c",
  "spec/spec_helper.rb": "b2db3bc02b4ac2fd5142a6621c641b07",
  "spec/spec_helper_acceptance.rb": "c1b41c181bd36836658643af1d2a9b2e",
  "spec/unit/defines/concat_fragment_spec.rb": "881141d791fe2b19e9c3d52b03def839",
  "spec/unit/defines/concat_spec.rb": "c1e998f706ac3840a6f1278caed344fa",
  "tests/fragment.pp": "01096a870ef7d1a1425999745f64cc2d",
  "tests/init.pp": "356477e6c25394550886bf1c1edb72a4"
}